series,step,epoch,loss
train,1,0.002962962962962963,0.14678895473480225
train,2,0.005925925925925926,0.19902300834655762
train,3,0.008888888888888889,0.21943727135658264
train,4,0.011851851851851851,0.4268064796924591
train,5,0.014814814814814815,0.4266875386238098
train,6,0.017777777777777778,0.38579291105270386
train,7,0.02074074074074074,0.39015671610832214
train,8,0.023703703703703703,0.4506619870662689
train,9,0.02666666666666667,0.4294668436050415
train,10,0.02962962962962963,0.6012358665466309
train,11,0.03259259259259259,0.5947076678276062
train,12,0.035555555555555556,0.7671203017234802
train,13,0.03851851851851852,0.15155446529388428
train,14,0.04148148148148148,0.08406272530555725
train,15,0.044444444444444446,0.10506841540336609
train,16,0.047407407407407405,0.15318220853805542
train,17,0.05037037037037037,0.21521307528018951
train,18,0.05333333333333334,0.21515008807182312
train,19,0.056296296296296296,0.3366082012653351
train,20,0.05925925925925926,0.43245822191238403
train,21,0.06222222222222222,0.29618632793426514
train,22,0.06518518518518518,0.43500950932502747
train,23,0.06814814814814815,0.4145900011062622
train,24,0.07111111111111111,0.5437974333763123
train,25,0.07407407407407407,0.6378505229949951
train,26,0.07703703703703704,0.03824092820286751
train,27,0.08,0.04866739362478256
train,28,0.08296296296296296,0.09925617277622223
train,29,0.08592592592592592,0.17036059498786926
train,30,0.08888888888888889,0.14209741353988647
train,31,0.09185185185185185,0.14556841552257538
train,32,0.09481481481481481,0.2758203446865082
train,33,0.09777777777777778,0.2796880900859833
train,34,0.10074074074074074,0.35802775621414185
train,35,0.1037037037037037,0.27590951323509216
train,36,0.10666666666666667,0.2893199920654297
train,37,0.10962962962962963,0.4024844765663147
train,38,0.11259259259259259,0.06901577860116959
train,39,0.11555555555555555,0.047196924686431885
train,40,0.11851851851851852,0.11840209364891052
train,41,0.12148148148148148,0.08170832693576813
train,42,0.12444444444444444,0.1459837257862091
train,43,0.1274074074074074,0.18816301226615906
train,44,0.13037037037037036,0.20991764962673187
train,45,0.13333333333333333,0.33192092180252075
train,46,0.1362962962962963,0.3438747823238373
train,47,0.13925925925925925,0.33241569995880127
train,48,0.14222222222222222,0.4496723711490631
train,49,0.1451851851851852,0.4084075689315796
train,50,0.14814814814814814,0.4866228997707367
train,51,0.1511111111111111,0.02618781104683876
train,52,0.15407407407407409,0.13373631238937378
train,53,0.15703703703703703,0.03240760415792465
train,54,0.16,0.08337238430976868
train,55,0.16296296296296298,0.11477030813694
train,56,0.16592592592592592,0.1538730412721634
train,57,0.1688888888888889,0.24016207456588745
train,58,0.17185185185185184,0.30694299936294556
train,59,0.1748148148148148,0.2799161672592163
train,60,0.17777777777777778,0.40274184942245483
train,61,0.18074074074074073,0.3160141706466675
train,62,0.1837037037037037,0.309930682182312
train,63,0.18666666666666668,0.10327649861574173
train,64,0.18962962962962962,0.06743387132883072
train,65,0.1925925925925926,0.06310980767011642
train,66,0.19555555555555557,0.17960825562477112
train,67,0.1985185185185185,0.22637957334518433
train,68,0.20148148148148148,0.16574525833129883
train,69,0.20444444444444446,0.19702787697315216
train,70,0.2074074074074074,0.17477984726428986
train,71,0.21037037037037037,0.3078051507472992
train,72,0.21333333333333335,0.31663763523101807
train,73,0.2162962962962963,0.4474441111087799
train,74,0.21925925925925926,0.332496702671051
train,75,0.2222222222222222,0.372312992811203
train,76,0.22518518518518518,0.03656769171357155
train,77,0.22814814814814816,0.12139707803726196
train,78,0.2311111111111111,0.0740395188331604
train,79,0.23407407407407407,0.11993938684463501
train,80,0.23703703703703705,0.11942673474550247
train,81,0.24,0.29039162397384644
train,82,0.24296296296296296,0.1847533881664276
train,83,0.24592592592592594,0.3434107303619385
train,84,0.24888888888888888,0.29691413044929504
train,85,0.2518518518518518,0.2710879445075989
train,86,0.2548148148148148,0.335129976272583
train,87,0.2577777777777778,0.3949679732322693
train,88,0.2607407407407407,0.07124479115009308
train,89,0.2637037037037037,0.03580264747142792
train,90,0.26666666666666666,0.09526190906763077
train,91,0.2696296296296296,0.0987175703048706
train,92,0.2725925925925926,0.13591721653938293
train,93,0.27555555555555555,0.15733134746551514
train,94,0.2785185185185185,0.18893569707870483
train,95,0.2814814814814815,0.3049996793270111
train,96,0.28444444444444444,0.3254278898239136
train,97,0.2874074074074074,0.25105541944503784
train,98,0.2903703703703704,0.34726202487945557
train,99,0.29333333333333333,0.45868414640426636
train,100,0.2962962962962963,0.46497222781181335
train,101,0.2992592592592593,0.04203531891107559
train,102,0.3022222222222222,0.04569457098841667
train,103,0.30518518518518517,0.08951778709888458
train,104,0.30814814814814817,0.10312426090240479
train,105,0.3111111111111111,0.09248682856559753
train,106,0.31407407407407406,0.23347392678260803
train,107,0.31703703703703706,0.20785129070281982
train,108,0.32,0.27328187227249146
train,109,0.32296296296296295,0.2533995807170868
train,110,0.32592592592592595,0.2754802405834198
train,111,0.3288888888888889,0.43311458826065063
train,112,0.33185185185185184,0.4397268295288086
train,113,0.3348148148148148,0.11791153997182846
train,114,0.3377777777777778,0.09448086470365524
train,115,0.34074074074074073,0.045919787138700485
train,116,0.3437037037037037,0.09509912133216858
train,117,0.3466666666666667,0.07883621752262115
train,118,0.3496296296296296,0.09196694940328598
train,119,0.35259259259259257,0.24361717700958252
train,120,0.35555555555555557,0.15616455674171448
train,121,0.3585185185185185,0.16341465711593628
train,122,0.36148148148148146,0.20949311554431915
train,123,0.36444444444444446,0.21555335819721222
train,124,0.3674074074074074,0.4176486134529114
train,125,0.37037037037037035,0.41600266098976135
train,126,0.37333333333333335,0.03805496543645859
train,127,0.3762962962962963,0.06882673501968384
train,128,0.37925925925925924,0.1286609172821045
train,129,0.38222222222222224,0.08241770416498184
train,130,0.3851851851851852,0.1747661530971527
train,131,0.38814814814814813,0.21042096614837646
train,132,0.39111111111111113,0.2939663529396057
train,133,0.3940740740740741,0.3012668192386627
train,134,0.397037037037037,0.2797738313674927
train,135,0.4,0.35866421461105347
train,136,0.40296296296296297,0.40886199474334717
train,137,0.4059259259259259,0.40151849389076233
train,138,0.4088888888888889,0.09074900299310684
train,139,0.41185185185185186,0.04262528568506241
train,140,0.4148148148148148,0.07725321501493454
train,141,0.4177777777777778,0.08291435241699219
train,142,0.42074074074074075,0.14812064170837402
train,143,0.4237037037037037,0.1838659793138504
train,144,0.4266666666666667,0.2166629284620285
train,145,0.42962962962962964,0.23316840827465057
train,146,0.4325925925925926,0.29372358322143555
train,147,0.43555555555555553,0.2567048966884613
train,148,0.43851851851851853,0.33054643869400024
train,149,0.4414814814814815,0.33253705501556396
train,150,0.4444444444444444,0.5024206638336182
train,151,0.4474074074074074,0.013384574092924595
train,152,0.45037037037037037,0.027431022375822067
train,153,0.4533333333333333,0.09206031262874603
train,154,0.4562962962962963,0.09374227374792099
train,155,0.45925925925925926,0.1321808099746704
train,156,0.4622222222222222,0.21394756436347961
train,157,0.4651851851851852,0.20802274346351624
train,158,0.46814814814814815,0.22740492224693298
train,159,0.4711111111111111,0.2050582468509674
train,160,0.4740740740740741,0.30662208795547485
train,161,0.47703703703703704,0.3987322449684143
train,162,0.48,0.4520314335823059
train,163,0.482962962962963,0.11488804221153259
train,164,0.48592592592592593,0.0626530572772026
train,165,0.4888888888888889,0.0912802517414093
train,166,0.4918518518518519,0.11071141809225082
train,167,0.4948148148148148,0.17658109962940216
train,168,0.49777777777777776,0.06827837973833084
train,169,0.5007407407407407,0.21828673779964447
train,170,0.5037037037037037,0.17253223061561584
train,171,0.5066666666666667,0.23349490761756897
train,172,0.5096296296296297,0.21164903044700623
train,173,0.5125925925925926,0.3436163663864136
train,174,0.5155555555555555,0.47746706008911133
train,175,0.5185185185185185,0.4678165912628174
train,176,0.5214814814814814,0.0380471833050251
train,177,0.5244444444444445,0.056643642485141754
train,178,0.5274074074074074,0.12196803838014603
train,179,0.5303703703703704,0.10143537819385529
train,180,0.5333333333333333,0.11163044720888138
train,181,0.5362962962962963,0.2247438132762909
train,182,0.5392592592592592,0.3668450117111206
train,183,0.5422222222222223,0.3111703097820282
train,184,0.5451851851851852,0.2905985116958618
train,185,0.5481481481481482,0.33337053656578064
train,186,0.5511111111111111,0.3887145519256592
train,187,0.554074074074074,0.3545227646827698
train,188,0.557037037037037,0.12167234718799591
train,189,0.56,0.05230165645480156
train,190,0.562962962962963,0.07818719744682312
train,191,0.5659259259259259,0.13024725019931793
train,192,0.5688888888888889,0.13642433285713196
train,193,0.5718518518518518,0.20520639419555664
train,194,0.5748148148148148,0.191135972738266
train,195,0.5777777777777777,0.13320264220237732
train,196,0.5807407407407408,0.35663753747940063
train,197,0.5837037037037037,0.2473880797624588
train,198,0.5866666666666667,0.37252458930015564
train,199,0.5896296296296296,0.4326726198196411
train,200,0.5925925925925926,0.42129945755004883
train,201,0.5955555555555555,0.05986332148313522
train,202,0.5985185185185186,0.06204801797866821
train,203,0.6014814814814815,0.04967173933982849
train,204,0.6044444444444445,0.1446712613105774
train,205,0.6074074074074074,0.21196313202381134
train,206,0.6103703703703703,0.21637463569641113
train,207,0.6133333333333333,0.24823535978794098
train,208,0.6162962962962963,0.296170175075531
train,209,0.6192592592592593,0.3363029956817627
train,210,0.6222222222222222,0.2934194803237915
train,211,0.6251851851851852,0.40398696064949036
train,212,0.6281481481481481,0.3865054249763489
train,213,0.6311111111111111,0.0812644213438034
train,214,0.6340740740740741,0.02574755623936653
train,215,0.6370370370370371,0.020258422940969467
train,216,0.64,0.055873576551675797
train,217,0.642962962962963,0.08921019732952118
train,218,0.6459259259259259,0.12553571164608002
train,219,0.6488888888888888,0.23291057348251343
train,220,0.6518518518518519,0.38934987783432007
train,221,0.6548148148148148,0.30103588104248047
train,222,0.6577777777777778,0.2615945041179657
train,223,0.6607407407407407,0.33981165289878845
train,224,0.6637037037037037,0.33906257152557373
train,225,0.6666666666666666,0.5014392137527466
train,226,0.6696296296296296,0.031751010566949844
train,227,0.6725925925925926,0.056587886065244675
train,228,0.6755555555555556,0.09988680481910706
train,229,0.6785185185185185,0.11980890482664108
train,230,0.6814814814814815,0.21829336881637573
train,231,0.6844444444444444,0.23954427242279053
train,232,0.6874074074074074,0.21818792819976807
train,233,0.6903703703703704,0.24876385927200317
train,234,0.6933333333333334,0.327159583568573
train,235,0.6962962962962963,0.2907713055610657
train,236,0.6992592592592592,0.33692049980163574
train,237,0.7022222222222222,0.41037440299987793
train,238,0.7051851851851851,0.08848322182893753
train,239,0.7081481481481482,0.032114461064338684
train,240,0.7111111111111111,0.06683199107646942
train,241,0.7140740740740741,0.12859636545181274
train,242,0.717037037037037,0.08942568302154541
train,243,0.72,0.1410600244998932
train,244,0.7229629629629629,0.20075243711471558
train,245,0.725925925925926,0.3293379247188568
train,246,0.7288888888888889,0.26372939348220825
train,247,0.7318518518518519,0.3908785283565521
train,248,0.7348148148148148,0.27347010374069214
train,249,0.7377777777777778,0.5099836587905884
train,250,0.7407407407407407,0.384182870388031
train,251,0.7437037037037038,0.07152007520198822
train,252,0.7466666666666667,0.04516838118433952
train,253,0.7496296296296296,0.11603787541389465
train,254,0.7525925925925926,0.11355650424957275
train,255,0.7555555555555555,0.0533825159072876
train,256,0.7585185185185185,0.24242466688156128
train,257,0.7614814814814815,0.2806224226951599
train,258,0.7644444444444445,0.1433611512184143
train,259,0.7674074074074074,0.32987433671951294
train,260,0.7703703703703704,0.26211297512054443
train,261,0.7733333333333333,0.27582964301109314
train,262,0.7762962962962963,0.33744925260543823
train,263,0.7792592592592592,0.11173395812511444
train,264,0.7822222222222223,0.026338089257478714
train,265,0.7851851851851852,0.021287644281983376
train,266,0.7881481481481482,0.04202599450945854
train,267,0.7911111111111111,0.12142712622880936
train,268,0.794074074074074,0.09324294328689575
train,269,0.797037037037037,0.19731058180332184
train,270,0.8,0.20706839859485626
train,271,0.802962962962963,0.3359750509262085
train,272,0.8059259259259259,0.2801002562046051
train,273,0.8088888888888889,0.3207295536994934
train,274,0.8118518518518518,0.3646765649318695
train,275,0.8148148148148148,0.4523593783378601
train,276,0.8177777777777778,0.03418939560651779
train,277,0.8207407407407408,0.04096286743879318
train,278,0.8237037037037037,0.060982756316661835
train,279,0.8266666666666667,0.07908440381288528
train,280,0.8296296296296296,0.1544746309518814
train,281,0.8325925925925926,0.13744789361953735
train,282,0.8355555555555556,0.27259349822998047
train,283,0.8385185185185186,0.24726468324661255
train,284,0.8414814814814815,0.2643652856349945
train,285,0.8444444444444444,0.2898993492126465
train,286,0.8474074074074074,0.3667694330215454
train,287,0.8503703703703703,0.2848731577396393
train,288,0.8533333333333334,0.09223577380180359
train,289,0.8562962962962963,0.047702811658382416
train,290,0.8592592592592593,0.06129183992743492
train,291,0.8622222222222222,0.07874785363674164
train,292,0.8651851851851852,0.08021949976682663
train,293,0.8681481481481481,0.12252305448055267
train,294,0.8711111111111111,0.2142915576696396
train,295,0.8740740740740741,0.21125216782093048
train,296,0.8770370370370371,0.2195121943950653
train,297,0.88,0.33067795634269714
train,298,0.882962962962963,0.3753833472728729
train,299,0.8859259259259259,0.3675587773323059
train,300,0.8888888888888888,0.449052095413208
train,301,0.8918518518518519,0.027017004787921906
train,302,0.8948148148148148,0.08659853041172028
train,303,0.8977777777777778,0.10734286904335022
train,304,0.9007407407407407,0.08480806648731232
train,305,0.9037037037037037,0.12425795942544937
train,306,0.9066666666666666,0.21021968126296997
train,307,0.9096296296296297,0.2566489577293396
train,308,0.9125925925925926,0.21014061570167542
train,309,0.9155555555555556,0.23767955601215363
train,310,0.9185185185185185,0.3804485499858856
train,311,0.9214814814814815,0.33283454179763794
train,312,0.9244444444444444,0.4163428246974945
train,313,0.9274074074074075,0.07970777899026871
train,314,0.9303703703703704,0.12041132897138596
train,315,0.9333333333333333,0.06881043314933777
train,316,0.9362962962962963,0.08698178827762604
train,317,0.9392592592592592,0.07639633119106293
train,318,0.9422222222222222,0.09890667349100113
train,319,0.9451851851851852,0.2341149002313614
train,320,0.9481481481481482,0.21478445827960968
train,321,0.9511111111111111,0.185597226023674
train,322,0.9540740740740741,0.331111878156662
train,323,0.957037037037037,0.35884901881217957
train,324,0.96,0.4187590181827545
train,325,0.9629629629629629,0.4476577639579773
train,326,0.965925925925926,0.02392393909394741
train,327,0.9688888888888889,0.06274980306625366
train,328,0.9718518518518519,0.09387514740228653
train,329,0.9748148148148148,0.06606248766183853
train,330,0.9777777777777777,0.13735848665237427
train,331,0.9807407407407407,0.17083793878555298
train,332,0.9837037037037037,0.2503841817378998
train,333,0.9866666666666667,0.29428359866142273
train,334,0.9896296296296296,0.23364582657814026
train,335,0.9925925925925926,0.348172664642334
train,336,0.9955555555555555,0.3817801773548126
train,337,0.9985185185185185,0.5201109647750854
train,338,1.0,0.3780847191810608
validation,338,1.0,0.19337885081768036
